{
  "flat baseline": {
    "rmse_all": 40.14240872646849,
    "r2_all": 0.9404003610217441,
    "rmse_ord": 37.06453806662012,
    "rmse_hol": 66.96304524589594
  },
  "EWMA a=0.8": {
    "rmse_all": 39.09542255986393,
    "r2_all": 0.943468749165639,
    "rmse_ord": 35.982081624391164,
    "rmse_hol": 65.98522745869003
  },
  "flat + holiday": {
    "rmse_all": 38.19534399616035,
    "r2_all": 0.946041778900596,
    "rmse_ord": 37.06453806662012,
    "rmse_hol": 49.87656245850622
  },
  "EWMA + holiday": {
    "rmse_all": 37.00977822460264,
    "r2_all": 0.9493394690396078,
    "rmse_ord": 35.982081624391164,
    "rmse_hol": 47.712968394104145
  }
}